ORDER_DATE,ORDER_TIME,ITEM_ID,ITEM_DESC,CUSTOMER_ID,SALUTATION,FIRST_NAME,LAST_NAME,STORE_ID,STORE_NAME,ORDER_QUANTITY,SALE_PRICE,DISCOUNT_AMT,COUPON_AMT,NET_PAID,NET_PAID_TAX,NET_PROFIT
2000-10-27,19:47:34 PM,AAAAAAAAHOJBGAAA,"There intellectual resources would feel at least despite a rules; however complex hands may stay. Able rates leave more fundamental issues. Nights shall point then. Instead young others leave,",AAAAAAAAIFHBGCBA,"Dr.,Thomas,Myers",AAAAAAAAGOCAAAAA,able,31.38,0.0,0.0,345.18,352.08,44.99
2000-10-27,8:35:14 AM,AAAAAAAAOOJBGAAA,"""Mysterious, powerful studies might integrate thus close reasons; relatively new skills improve all right. Brig""",AAAAAAAAOGOCENCA,"Miss,Diamond,Dew",AAAAAAAAIKBAAAAA,ese,52,1.05,0.0,0.0,54.6,56.78,-4671.68
2000-10-27,14:34:17 PM,AAAAAAAAJMJBGAAA,Ago likel,AAAAAAAAANEPMMDDA,"Mrs.,Sherri,Farmer",AAAAAAAAMACAAAAA,ese,88,43.02,0.0,0.0,3785.76,3899.33,-2475.44
2000-10-27,10:37:1 AM,AAAAAAAAHOJBGAAA,"There intellectual resources would feel at least despite a rules; however complex hands may stay. Able rates leave more fundamental issues. Nights shall point then. Instead young others leave,",AAAAAAAAADJPLPABA,"Dr.,Matthew,Delatorre",AAAAAAAALBBAAAAA,pri,88,28.78,0.0,0.0,2532.64,2633.94,113.52
2000-10-27,13:31:39 PM,AAAAAAAAHOJBGAAA,"There intellectual resources would feel at least despite a rules; however complex hands may stay. Able rates leave more fundamental issues. Nights shall point then. Instead young others leave,",AAAAAAAAADHJIDJAA,"Ms.,Sarah,Kellum",AAAAAAAANDDAAAAA,n st,57,4.47,178.35,178.35,76.44,78.73,-2116.92
2000-10-27,19:24:56 PM,AAAAAAAAJMJBGAAA,Ago likel,AAAAAAAAHGAKILBA,"Ms.,Liza,Walters",AAAAAAAAHOEAAAAA,anti,36,17.3,0.0,0.0,622.8,635.25,-716.76
2000-10-27,10:18:13 AM,AAAAAAAAAPMJBGAAA,Tiny opportunities see later beautiful entr,AAAAAAAAKLPPPABA,"Ms.,Ellen,Cole",AAAAAAAAHNFAAAAA,anti,75,82.84,0.0,0.0,6213.0,6337.26,800.25
2000-10-27,15:29:15 PM,AAAAAAAAAPMJBGAAA,Tiny opportunities see later beautiful entr,AAAAAAAAPEPJPCBA,"Sir,Hobert,Grant",AAAAAAAAADFAAAAA,eing,8,20.57,0.0,0.0,164.56,179.37,40.24
2000-10-27,13:20:37 PM,AAAAAAAAEPJBGAAA,Concepts will end really eyes; cars may sign too main areas. Improved bottles end onl,AAAAAAAAADPHOACDA,"Sir,Bryan,Wick",AAAAAAAAKLEAAAAA,bar,1,38.01,16.72,16.72,21.29,22.56,-74.5
2000-10-27,20:38:57 PM,AAAAAAAAONJBGAAA,Reasons get. Minu,AAAAAAAAAGMMPFNAA,"Dr.,Numbers,Heard",AAAAAAAAEDBAAAAA,eing,68,15.65,0.0,0.0,1064.2,1117.41,49.64
2000-10-27,17:21:43 PM,AAAAAAAAAMJBGAAA,"""Surprised teams go. Mental, forward services would come eventually; in add",AAAAAAAAKDOGOJDA,"Sir,Robert,Jones",AAAAAAAABJDAAAAA,pri,38,49.63,0.0,0.0,1885.94,2055.67,-1316.32
2000-10-27,16:3:14 PM,AAAAAAAAANOJBGAAA,So sick men can prevail often contents; today ,AAAAAAAAALONFHIDA,"Dr.,John,Weaver",AAAAAAAAIJDAAAAA,bar,25,51.9,0.0,0.0,1297.5,1388.32,-633.5
2000-10-27,12:24:40 PM,AAAAAAAAONJBGAAA,Reasons get. Minu,AAAAAAAAABFPIBDAA,"Dr.,Michael,Green",AAAAAAAAADNAAAAAA,ought,95,26.2,2439.22,2439.22,49.78,53.76,-7929.27
2000-10-27,10:1:41 AM,AAAAAAAAALNJBGAAA,"""Relations may not use neither. Low voices shall handle therefore for the institutions. Free teachers cannot state different shareholders. Giant, desirable standards hire small, various governments; l",AAAAAAAAAGAHAILBA,"Dr.,Alicia,Allen",AAAAAAAAHGDAAAAA,ought,73,42.14,0.0,0.0,3076.22,3137.74,-1438.1
2000-10-27,8:11:24 AM,AAAAAAAAADPJBGAAA,A,AAAAAAAAANOJHFEDA,"Ms.,Helen,Nickerson",AAAAAAAAPLFAAAAA,ought,21,78.43,0.0,0.0,1647.03,1795.26,28.35
2000-10-27,17:29:13 PM,AAAAAAAAACOJBGAAA,"""Numbers feel practices. Only positive signs help about possible, open factors. Thank",AAAAAAAAABDLMBKDA,"Sir,Marshall,Juarez",AAAAAAAAAACAAAAA,able,6,68.64,0.0,0.0,411.84,411.84,-68.4
2000-10-27,19:47:15 PM,AAAAAAAAADPJBGAAA,A,AAAAAAAAAMOAHDIAA,"Dr.,Albert,Woodard",AAAAAAAAECEAAAAA,bar,76,115.89,0.0,0.0,8807.64,9071.86,2565.76
2000-10-27,18:57:53 PM,AAAAAAAAAGMJBGAAA,Primarily tough days explain more however com,AAAAAAAAINKHEOCA,"Miss,Lyndsay,Johnson",AAAAAAAAAKBAAAAA,cally,4,4.45,0.0,0.0,17.8,18.69,-23.44
